{
  "DOT": {
    "entry": 0.8322,
    "sl": 0.7934142857142857,
    "tp": 0.9291642857142858,
    "rsi": 27.6,
    "opened_at": 1782470321
  },
  "BNB": {
    "entry": 566.85,
    "sl": 555.5935714285715,
    "tp": 594.9910714285714,
    "rsi": 27.1,
    "opened_at": 1783496555
  },
  "SUI": {
    "entry": 0.718,
    "sl": 0.6935392857142857,
    "tp": 0.7791517857142857,
    "rsi": 27.4,
    "opened_at": 1783496560
  },
  "AVAX": {
    "entry": 6.441,
    "sl": 6.228321428571428,
    "tp": 6.972696428571429,
    "rsi": 25.6,
    "opened_at": 1783496564
  },
  "BTC": {
    "entry": 64832.5,
    "sl": 64037.135714285716,
    "tp": 66820.91071428571,
    "rsi": 28.3,
    "opened_at": 1784822554
  },
  "XRP": {
    "entry": 1.10931,
    "sl": 1.08837,
    "tp": 1.16166,
    "rsi": 29.7,
    "opened_at": 1784842984
  },
  "TON": {
    "entry": 1.456,
    "sl": 1.4040357142857143,
    "tp": 1.5859107142857143,
    "rsi": 29.2,
    "opened_at": 1784846389
  },
  "ARB": {
    "entry": 0.0857,
    "sl": 0.08320357142857142,
    "tp": 0.09194107142857144,
    "rsi": 28.7,
    "opened_at": 1784886930
  }
}