{
  "BNB": {
    "entry": 572.81,
    "sl": 561.6017857142857,
    "tp": 600.8305357142856,
    "rsi": 19.3,
    "opened_at": 1781871414
  },
  "SUI": {
    "entry": 0.7077,
    "sl": 0.678375,
    "tp": 0.7810125,
    "rsi": 22.9,
    "opened_at": 1781871419
  },
  "AVAX": {
    "entry": 6.044,
    "sl": 5.794678571428571,
    "tp": 6.667303571428571,
    "rsi": 23.1,
    "opened_at": 1781871424
  },
  "BTC": {
    "entry": 63023.9,
    "sl": 61739.353571428575,
    "tp": 66235.26607142857,
    "rsi": 27.7,
    "opened_at": 1781907192
  },
  "XRP": {
    "entry": 1.13005,
    "sl": 1.1008889285714287,
    "tp": 1.2029526785714284,
    "rsi": 19.8,
    "opened_at": 1781907195
  },
  "ATOM": {
    "entry": 1.7575,
    "sl": 1.7275428571428573,
    "tp": 1.8323928571428572,
    "rsi": 23.4,
    "opened_at": 1782079249
  },
  "ARB": {
    "entry": 0.0774,
    "sl": 0.07456071428571429,
    "tp": 0.08449821428571427,
    "rsi": 29.4,
    "opened_at": 1782211724
  }
}