{
  "DOT": {
    "entry": 0.8322,
    "sl": 0.7934142857142857,
    "tp": 0.9291642857142858,
    "rsi": 27.6,
    "opened_at": 1782470321
  },
  "BNB": {
    "entry": 566.85,
    "sl": 555.5935714285715,
    "tp": 594.9910714285714,
    "rsi": 27.1,
    "opened_at": 1783496555
  },
  "SUI": {
    "entry": 0.718,
    "sl": 0.6935392857142857,
    "tp": 0.7791517857142857,
    "rsi": 27.4,
    "opened_at": 1783496560
  },
  "AVAX": {
    "entry": 6.441,
    "sl": 6.228321428571428,
    "tp": 6.972696428571429,
    "rsi": 25.6,
    "opened_at": 1783496564
  },
  "XRP": {
    "entry": 1.06371,
    "sl": 1.0429532142857143,
    "tp": 1.1156019642857142,
    "rsi": 24.2,
    "opened_at": 1783985868
  },
  "ARB": {
    "entry": 0.0891,
    "sl": 0.08545714285714286,
    "tp": 0.09820714285714285,
    "rsi": 19.2,
    "opened_at": 1784030539
  },
  "BTC": {
    "entry": 62836.0,
    "sl": 61862.15714285714,
    "tp": 65270.607142857145,
    "rsi": 27.7,
    "opened_at": 1784268292
  },
  "LINK": {
    "entry": 8.22109,
    "sl": 8.04829,
    "tp": 8.653089999999999,
    "rsi": 24.8,
    "opened_at": 1784319255
  },
  "ATOM": {
    "entry": 1.4613,
    "sl": 1.4406750000000001,
    "tp": 1.5128625,
    "rsi": 16.4,
    "opened_at": 1784534752
  }
}