{
  "LINK": {
    "entry": 7.17162,
    "sl": 6.932510357142857,
    "tp": 7.7693941071428565,
    "rsi": 11.3,
    "opened_at": 1782322305
  },
  "DOT": {
    "entry": 0.8322,
    "sl": 0.7934142857142857,
    "tp": 0.9291642857142858,
    "rsi": 27.6,
    "opened_at": 1782470321
  },
  "XRP": {
    "entry": 1.02819,
    "sl": 0.989505,
    "tp": 1.1249025,
    "rsi": 29.9,
    "opened_at": 1782470322
  },
  "ATOM": {
    "entry": 1.5283,
    "sl": 1.4916357142857142,
    "tp": 1.6199607142857144,
    "rsi": 25.3,
    "opened_at": 1782767416
  },
  "BTC": {
    "entry": 58226.3,
    "sl": 57033.97142857143,
    "tp": 61207.12142857143,
    "rsi": 27.0,
    "opened_at": 1782837506
  }
}