{
  "AVAX": {
    "entry": 6.044,
    "sl": 5.794678571428571,
    "tp": 6.667303571428571,
    "rsi": 23.1,
    "opened_at": 1781871424
  },
  "ATOM": {
    "entry": 1.6178,
    "sl": 1.566725,
    "tp": 1.7454874999999999,
    "rsi": 6.1,
    "opened_at": 1782322304
  },
  "LINK": {
    "entry": 7.17162,
    "sl": 6.932510357142857,
    "tp": 7.7693941071428565,
    "rsi": 11.3,
    "opened_at": 1782322305
  },
  "BTC": {
    "entry": 61037.9,
    "sl": 59507.63214285715,
    "tp": 64863.56964285715,
    "rsi": 24.7,
    "opened_at": 1782338639
  },
  "BNB": {
    "entry": 564.48,
    "sl": 551.6496428571429,
    "tp": 596.5558928571428,
    "rsi": 27.1,
    "opened_at": 1782338641
  },
  "DOT": {
    "entry": 0.889,
    "sl": 0.8570607142857143,
    "tp": 0.9688482142857143,
    "rsi": 25.4,
    "opened_at": 1782338642
  },
  "ARB": {
    "entry": 0.0764,
    "sl": 0.07345357142857142,
    "tp": 0.08376607142857143,
    "rsi": 21.5,
    "opened_at": 1782338645
  }
}