{
  "BNB": {
    "entry": 572.81,
    "sl": 561.6017857142857,
    "tp": 600.8305357142856,
    "rsi": 19.3,
    "opened_at": 1781871414
  },
  "SUI": {
    "entry": 0.7077,
    "sl": 0.678375,
    "tp": 0.7810125,
    "rsi": 22.9,
    "opened_at": 1781871419
  },
  "AVAX": {
    "entry": 6.044,
    "sl": 5.794678571428571,
    "tp": 6.667303571428571,
    "rsi": 23.1,
    "opened_at": 1781871424
  },
  "BTC": {
    "entry": 63023.9,
    "sl": 61739.353571428575,
    "tp": 66235.26607142857,
    "rsi": 27.7,
    "opened_at": 1781907192
  },
  "ARB": {
    "entry": 0.0774,
    "sl": 0.07456071428571429,
    "tp": 0.08449821428571427,
    "rsi": 29.4,
    "opened_at": 1782211724
  },
  "DOT": {
    "entry": 0.9001,
    "sl": 0.8720607142857143,
    "tp": 0.9701982142857143,
    "rsi": 26.6,
    "opened_at": 1782235895
  },
  "XRP": {
    "entry": 1.08536,
    "sl": 1.0617875,
    "tp": 1.1442912500000002,
    "rsi": 28.9,
    "opened_at": 1782296981
  }
}