{
  "BTC": {
    "entry": 64322.0,
    "sl": 62893.700000000004,
    "tp": 67892.75,
    "rsi": 25.5,
    "opened_at": 1781735569
  },
  "XRP": {
    "entry": 1.18755,
    "sl": 1.1467403571428572,
    "tp": 1.2895741071428573,
    "rsi": 28.6,
    "opened_at": 1781735572
  },
  "TON": {
    "entry": 1.662,
    "sl": 1.5879642857142857,
    "tp": 1.8470892857142855,
    "rsi": 28.1,
    "opened_at": 1781735575
  },
  "LINK": {
    "entry": 8.05111,
    "sl": 7.769206428571428,
    "tp": 8.755868928571427,
    "rsi": 29.9,
    "opened_at": 1781735578
  },
  "ATOM": {
    "entry": 1.8361,
    "sl": 1.7707321428571428,
    "tp": 1.9995196428571431,
    "rsi": 27.2,
    "opened_at": 1781782851
  }
}