{
  "DOT": {
    "entry": 0.8322,
    "sl": 0.7934142857142857,
    "tp": 0.9291642857142858,
    "rsi": 27.6,
    "opened_at": 1782470321
  },
  "ATOM": {
    "entry": 1.5283,
    "sl": 1.4916357142857142,
    "tp": 1.6199607142857144,
    "rsi": 25.3,
    "opened_at": 1782767416
  }
}