{
  "AVAX": {
    "entry": 6.044,
    "sl": 5.794678571428571,
    "tp": 6.667303571428571,
    "rsi": 23.1,
    "opened_at": 1781871424
  },
  "ATOM": {
    "entry": 1.6178,
    "sl": 1.566725,
    "tp": 1.7454874999999999,
    "rsi": 6.1,
    "opened_at": 1782322304
  },
  "LINK": {
    "entry": 7.17162,
    "sl": 6.932510357142857,
    "tp": 7.7693941071428565,
    "rsi": 11.3,
    "opened_at": 1782322305
  }
}