{
  "TON": {
    "entry": 1.662,
    "sl": 1.5879642857142857,
    "tp": 1.8470892857142855,
    "rsi": 28.1,
    "opened_at": 1781735575
  },
  "LINK": {
    "entry": 8.05111,
    "sl": 7.769206428571428,
    "tp": 8.755868928571427,
    "rsi": 29.9,
    "opened_at": 1781735578
  },
  "ATOM": {
    "entry": 1.8361,
    "sl": 1.7707321428571428,
    "tp": 1.9995196428571431,
    "rsi": 27.2,
    "opened_at": 1781782851
  },
  "BNB": {
    "entry": 572.81,
    "sl": 561.6017857142857,
    "tp": 600.8305357142856,
    "rsi": 19.3,
    "opened_at": 1781871414
  },
  "SUI": {
    "entry": 0.7077,
    "sl": 0.678375,
    "tp": 0.7810125,
    "rsi": 22.9,
    "opened_at": 1781871419
  },
  "AVAX": {
    "entry": 6.044,
    "sl": 5.794678571428571,
    "tp": 6.667303571428571,
    "rsi": 23.1,
    "opened_at": 1781871424
  }
}