{
  "DOT": {
    "entry": 0.8322,
    "sl": 0.7934142857142857,
    "tp": 0.9291642857142858,
    "rsi": 27.6,
    "opened_at": 1782470321
  },
  "ATOM": {
    "entry": 1.5283,
    "sl": 1.4916357142857142,
    "tp": 1.6199607142857144,
    "rsi": 25.3,
    "opened_at": 1782767416
  },
  "TON": {
    "entry": 1.628,
    "sl": 1.550642857142857,
    "tp": 1.821392857142857,
    "rsi": 22.8,
    "opened_at": 1783463977
  },
  "BNB": {
    "entry": 566.85,
    "sl": 555.5935714285715,
    "tp": 594.9910714285714,
    "rsi": 27.1,
    "opened_at": 1783496555
  },
  "SUI": {
    "entry": 0.718,
    "sl": 0.6935392857142857,
    "tp": 0.7791517857142857,
    "rsi": 27.4,
    "opened_at": 1783496560
  },
  "LINK": {
    "entry": 7.67978,
    "sl": 7.452976785714285,
    "tp": 8.246788035714287,
    "rsi": 26.8,
    "opened_at": 1783496563
  },
  "AVAX": {
    "entry": 6.441,
    "sl": 6.228321428571428,
    "tp": 6.972696428571429,
    "rsi": 25.6,
    "opened_at": 1783496564
  },
  "BTC": {
    "entry": 62265.7,
    "sl": 61427.23214285714,
    "tp": 64361.86964285714,
    "rsi": 25.8,
    "opened_at": 1783962130
  },
  "XRP": {
    "entry": 1.06371,
    "sl": 1.0429532142857143,
    "tp": 1.1156019642857142,
    "rsi": 24.2,
    "opened_at": 1783985868
  }
}